player_id,first_name,last_name,full_name,abbr_name,birth_place,position,height,weight,status,eligibility,team_id
001576c0-139b-11ef-9335-d1cdfba8ea86,Dashawn,Fillmore,,D.Fillmore,"Corpus Christi, TX, USA",SAF,70.0,192.0,TP,SR,d5199a36-7f26-4c3b-be48-9599039e232c
015f9cb0-a275-11ed-8f2b-f3e5e15ec7fb,Daymion,Sanford,,D.Sanford,"Katy, TX, USA",LB,74.0,222.0,ACT,JR,d5199a36-7f26-4c3b-be48-9599039e232c
027e79d0-9867-11ed-88ac-030429d87b17,Richie,Anderson,,R.Anderson,"Tualatin, OR, USA",TE,76.0,255.0,ACT,SO,d5199a36-7f26-4c3b-be48-9599039e232c
097cb2ed-c95b-42fd-a056-8c83a40973e9,Ar'maj,Reed-Adams,,A.Reed-Adams,"Dallas, TX, USA",G,77.0,325.0,ACT,GR,d5199a36-7f26-4c3b-be48-9599039e232c
09e36060-f893-11ec-8190-074ed0b20d38,Preston,Landis,,P.Landis,"Rockwall, TX, USA",RB,70.0,207.0,ACT,SR,d5199a36-7f26-4c3b-be48-9599039e232c
0a553a00-c5c9-11ee-bbc7-a52b27e3c1e2,Terry,Bussey,,T.Bussey,"Timpson, TX, USA",WR,70.0,195.0,ACT,SO,d5199a36-7f26-4c3b-be48-9599039e232c
0a60d230-37c0-11ee-8aad-e574e8ef7217,Ronnie,Crosby,,R.Crosby,"DeRidder, LA, USA",RB,68.0,210.0,TP,JR,d5199a36-7f26-4c3b-be48-9599039e232c
0bfaa4b0-37c3-11ee-8aad-e574e8ef7217,Chase,Burton,,C.Burton,"Dallas, TX, USA",WR,70.0,187.0,ACT,JR,d5199a36-7f26-4c3b-be48-9599039e232c
0f4fdc10-30d3-11f0-b2d4-015799b0b751,Rashad,Johnson,,R.Johnson,"Bushnell, FL, USA",SAF,73.0,198.0,ACT,FR,d5199a36-7f26-4c3b-be48-9599039e232c
0febff90-30d4-11f0-b2d4-015799b0b751,Tiger,Riden,,T.Riden,"DeSoto, TX, USA",RB,70.0,212.0,ACT,FR,d5199a36-7f26-4c3b-be48-9599039e232c
14d10fe0-9033-11ec-8556-6fa97bcffaf0,CJ,Mims,,C.Mims,"New Bern, NC, USA",DL,74.0,300.0,ACT,JR,d5199a36-7f26-4c3b-be48-9599039e232c
15e0bf30-a274-11ed-8f2b-f3e5e15ec7fb,Chase,Bisontis,,C.Bisontis,"Ramsey, NJ, USA",G,77.0,315.0,ACT,JR,d5199a36-7f26-4c3b-be48-9599039e232c
1a9ba170-8e8e-11ec-8d02-85ead82574a9,Amari,Niblack,,A.Niblack,"St. Petersburg, FL, USA",TE,75.0,235.0,ACT,SR,d5199a36-7f26-4c3b-be48-9599039e232c
1b659870-68f3-11f0-bb08-7d75260c62f7,Jerome,Myles,,J.Myles,"Draper, UT, USA",WR,74.0,220.0,ACT,FR,d5199a36-7f26-4c3b-be48-9599039e232c
1b6db4a0-58c9-11ef-a260-5771b46d1c81,Ashton,Bethel-Roman,,A.Bethel-Roman,"Missouri City, TX, USA",WR,72.0,185.0,ACT,FR,d5199a36-7f26-4c3b-be48-9599039e232c
1bfa4f20-58c7-11ef-9b3b-c731cdaeaa58,Boomer,Graham,,B.Graham,"Houston, TX, USA",LS,69.0,200.0,ACT,SO,d5199a36-7f26-4c3b-be48-9599039e232c
1cc99200-c5c7-11ee-bbc7-a52b27e3c1e2,Isendre,Ahfua,,I.Ahfua,"Seattle, WA, USA",OL,75.0,342.0,ACT,FR,d5199a36-7f26-4c3b-be48-9599039e232c
1cd5b461-ae1c-4b02-a1a4-b44f225cf465,Jacob,Zeno,,J.Zeno,"San Antonio, TX, USA",QB,74.0,215.0,ACT,GR,d5199a36-7f26-4c3b-be48-9599039e232c
1f26a290-3191-11f0-9b47-bbcaf5ceb380,Lamont,Rogers,,L.Rogers,"Mesquite, TX, USA",OL,78.0,337.0,ACT,FR,d5199a36-7f26-4c3b-be48-9599039e232c
1fdfe7e0-68f1-11f0-bb08-7d75260c62f7,Jeremiah,Searcy,,J.Searcy,"Thomaston, GA, USA",LB,72.0,205.0,ACT,FR,d5199a36-7f26-4c3b-be48-9599039e232c
241e19ea-3867-48c6-90eb-de96acea7e9c,Nate,Boerkircher,,N.Boerkircher,"Aurora, NE, USA",TE,76.0,250.0,ACT,GR,d5199a36-7f26-4c3b-be48-9599039e232c
25571960-6e8b-11f0-b19a-5d92a85ce2cc,Nathan,Mabon,,N.Mabon,"Arlington, TX, USA",DT,72.0,292.0,ACT,FR,d5199a36-7f26-4c3b-be48-9599039e232c
28af9110-a263-11ed-8480-1d1f197292c4,Trovon,Baugh,,T.Baugh,"Atlanta, GA, USA",OL,75.0,335.0,ACT,JR,d5199a36-7f26-4c3b-be48-9599039e232c
28e75f10-58c8-11ef-9b82-af825f74f838,Kyle,Garvis,,K.Garvis,"Houston, TX, USA",LB,70.0,223.0,ACT,SO,d5199a36-7f26-4c3b-be48-9599039e232c
2a00a31b-02d5-412a-a4c2-00f9787f302c,Truette,Tumey,,T.Tumey,"Houston, TX, USA",P,71.0,180.0,TP,SR,d5199a36-7f26-4c3b-be48-9599039e232c
2f40a100-f5af-11ed-b233-eff84a81117d,Shea,Freibaum,,S.Freibaum,"Scottsdale, AZ, USA",LS,73.0,205.0,ACT,JR,d5199a36-7f26-4c3b-be48-9599039e232c
36e0e7e0-58c7-11ef-9b3b-c731cdaeaa58,Carter,Braugh,,C.Braugh,"Austin, TX, USA",TE,78.0,246.0,ACT,SO,d5199a36-7f26-4c3b-be48-9599039e232c
38a187c0-f030-11ed-8095-ff92e6250fed,Zachary,Clay,,Z.Clay,"Lithia, FL, USA",TE,71.0,243.0,ACT,GR,d5199a36-7f26-4c3b-be48-9599039e232c
3a143810-9b61-11ed-9535-f5ca9807efbe,Marcus,Ratcliffe,,M.Ratcliffe,"Chula Vista, CA, USA",SAF,74.0,209.0,ACT,JR,d5199a36-7f26-4c3b-be48-9599039e232c
3d866700-b57a-11ee-8b7f-01a7c1347cea,Brandon,Davis-Swain,,B.Davis-Swain,"Detroit, MI, USA",DE,76.0,290.0,ACT,FR,d5199a36-7f26-4c3b-be48-9599039e232c
3e417b90-84a2-11ec-a2e6-affc80bcd2fc,Julio,Humphrey,,J.Humphrey,"Galveston, TX, USA",CB,73.0,195.0,ACT,JR,d5199a36-7f26-4c3b-be48-9599039e232c
3eea4010-30d2-11f0-881a-e573237ad853,TK,Norman,,T.Norman,"Montgomery, AL, USA",WR,72.0,182.0,ACT,FR,d5199a36-7f26-4c3b-be48-9599039e232c
3f43aed0-318f-11f0-9b47-bbcaf5ceb380,Joshua,Moses,,J.Moses,"Houston, TX, USA",OL,74.0,359.0,ACT,FR,d5199a36-7f26-4c3b-be48-9599039e232c
3f6687d0-c5c4-11ee-bbc7-a52b27e3c1e2,Jordan,Lockhart,,J.Lockhart,"Redlands, CA, USA",LB,73.0,229.0,ACT,SO,d5199a36-7f26-4c3b-be48-9599039e232c
40090110-30d3-11f0-b2d4-015799b0b751,Noah,Mikhail,,N.Mikhail,"La Verne, CA, USA",LB,74.0,223.0,ACT,FR,d5199a36-7f26-4c3b-be48-9599039e232c
408bc3c0-9ea4-11ed-975c-37b2dd34d160,Rickey,Gibson,,R.Gibson,"Trussville, AL, USA",DB,72.0,185.0,ACT,JR,d5199a36-7f26-4c3b-be48-9599039e232c
411fc440-850e-11ec-b84d-a909c14fc4b8,Jarred,Kerr,,J.Kerr,"Lexington, TX, USA",SAF,71.0,190.0,ACT,SR,d5199a36-7f26-4c3b-be48-9599039e232c
43967bb0-37c3-11ee-8aad-e574e8ef7217,Tommy,Colligan,,T.Colligan,"San Antonio, TX, USA",LB,73.0,226.0,ACT,JR,d5199a36-7f26-4c3b-be48-9599039e232c
4407fd40-59bd-11ef-8650-ef78f1118428,Alex,Abbott,,A.Abbott,"Montgomery, TX, USA",P,72.0,190.0,ACT,FR,d5199a36-7f26-4c3b-be48-9599039e232c
4513ad00-379b-11ee-9da9-cbc804f3c5d8,Jared,White,,J.White,"Southlake, TX, USA",P,75.0,215.0,ACT,SO,d5199a36-7f26-4c3b-be48-9599039e232c
4620b030-9dcc-11ed-9ec1-d7898d8b70ab,KC,Concepcion,,K.Concepcion,"Charlotte, NC, USA",WR,71.0,190.0,ACT,JR,d5199a36-7f26-4c3b-be48-9599039e232c
47fb463b-5d3c-46b5-9adb-e22f5fe551ef,Trey,Zuhn,,T.Zuhn,"Fort Collins, CO, USA",OT,78.0,319.0,ACT,GR,d5199a36-7f26-4c3b-be48-9599039e232c
485c2f10-982b-11ed-9964-d1ac235f1095,David,Olano,,D.Olano,"Naperville, IL, USA",K,71.0,180.0,ACT,JR,d5199a36-7f26-4c3b-be48-9599039e232c
49ce21b0-f027-11ed-8095-ff92e6250fed,Isaiah,Willis,,I.Willis,"Sunnyvale, TX, USA",SAF,72.0,207.0,ACT,JR,d5199a36-7f26-4c3b-be48-9599039e232c
4c605480-138e-11ef-8acf-f5eba4332e86,Ryan,Burtin,,R.Burtin,"Bryan, TX, USA",CB,67.0,170.0,ACT,JR,d5199a36-7f26-4c3b-be48-9599039e232c
4cf67650-1416-11ed-99ab-175543659a4f,AJ,DiNota,,A.DiNota,"Frisco, TX, USA",RB,72.0,215.0,ACT,SR,d5199a36-7f26-4c3b-be48-9599039e232c
4eb067f0-3194-11f0-9b47-bbcaf5ceb380,Landon,Rink,,L.Rink,"Cypress, TX, USA",DT,74.0,294.0,ACT,FR,d5199a36-7f26-4c3b-be48-9599039e232c
4ee8e510-1397-11ef-a339-bdbef1d346c2,Jesse,Chukwu,,J.Chukwu,"Cypress, TX, USA",DE,72.0,225.0,ACT,JR,d5199a36-7f26-4c3b-be48-9599039e232c
53097090-c358-11ee-ba4d-459a0a6fb31a,Coen,Echols,,C.Echols,"Katy, TX, USA",OL,76.0,315.0,ACT,FR,d5199a36-7f26-4c3b-be48-9599039e232c
55bb3770-850b-11ec-b446-1b024413db39,Bryce,Anderson,,B.Anderson,"Beaumont, TX, USA",SAF,70.0,186.0,ACT,SR,d5199a36-7f26-4c3b-be48-9599039e232c
56d2d810-6650-11ef-b911-0fe9496618ac,TJ,Smith,,T.Smith,"Los Angeles, CA, USA",LB,73.0,235.0,ACT,SO,d5199a36-7f26-4c3b-be48-9599039e232c
58f6a470-30dd-11f0-b43a-97e6db217ba1,Chace,Sims,,C.Sims,"Richmond, TX, USA",DT,75.0,294.0,ACT,FR,d5199a36-7f26-4c3b-be48-9599039e232c
5935ba00-a275-11ed-8f2b-f3e5e15ec7fb,Taurean,York,,T.York,"Temple, TX, USA",LB,70.0,227.0,ACT,JR,d5199a36-7f26-4c3b-be48-9599039e232c
5a0e3a80-30d3-11f0-b2d4-015799b0b751,Jamarion,Morrow,,J.Morrow,"Memphis, TN, USA",RB,69.0,205.0,ACT,FR,d5199a36-7f26-4c3b-be48-9599039e232c
5e586410-3193-11f0-9b47-bbcaf5ceb380,DJ,Sanders,,D.Sanders,"Bellville, TX, USA",DT,75.0,315.0,ACT,FR,d5199a36-7f26-4c3b-be48-9599039e232c
60b115a0-30d9-11f0-b2d4-015799b0b751,Kelvion,Riggins,,K.Riggins,"Forney, TX, USA",LB,71.0,210.0,ACT,FR,d5199a36-7f26-4c3b-be48-9599039e232c
6342fe60-68f0-11f0-8055-b384b1c02ffd,Gray,Evans,,G.Evans,"Houston, TX, USA",LS,74.0,223.0,ACT,FR,d5199a36-7f26-4c3b-be48-9599039e232c
64c1f5f0-9cda-11ed-8450-073f5137ec67,Will,Lee,,W.Lee,"St. Louis, MO, USA",CB,73.0,189.0,ACT,SR,d5199a36-7f26-4c3b-be48-9599039e232c
66b90f65-a1b9-4cfc-8be8-10cee7955279,Reuben,Fatheree,,R.Fatheree,"Richmond, TX, USA",OL,79.0,333.0,ACT,GR,d5199a36-7f26-4c3b-be48-9599039e232c
6d105390-30d1-11f0-881a-e573237ad853,Brady,Hart,,B.Hart,"Cocoa, FL, USA",QB,76.0,195.0,ACT,FR,d5199a36-7f26-4c3b-be48-9599039e232c
6f4f6bd0-901d-11ec-8556-6fa97bcffaf0,Micah,Riley,,M.Riley,"Omaha, NE, USA",TE,77.0,257.0,ACT,JR,d5199a36-7f26-4c3b-be48-9599039e232c
70713a20-c5c2-11ee-bbc7-a52b27e3c1e2,Myles,Davis,,M.Davis,"Converse, TX, USA",SAF,73.0,196.0,ACT,SO,d5199a36-7f26-4c3b-be48-9599039e232c
75964240-a1a9-11ed-8407-d326ef253fb2,Tyree,Adams,,T.Adams,"Marrero, LA, USA",OL,79.0,310.0,ACT,SO,d5199a36-7f26-4c3b-be48-9599039e232c
7665caf0-1387-11ef-a453-276e817b80af,Paxton,Land,,P.Land,"Austin, TX, USA",QB,76.0,225.0,ACT,FR,d5199a36-7f26-4c3b-be48-9599039e232c
79779a00-c5c3-11ee-bbc7-a52b27e3c1e2,Ashton,Funk,,A.Funk,"Katy, TX, USA",OL,78.0,322.0,ACT,FR,d5199a36-7f26-4c3b-be48-9599039e232c
7a1e5145-a3d7-414f-aea3-36d05e7fa8f9,Randy,Bond,,R.Bond,"Plano, TX, USA",K,70.0,198.0,ACT,GR,d5199a36-7f26-4c3b-be48-9599039e232c
7a3d5a00-3193-11f0-9b47-bbcaf5ceb380,Kade,Stewart,,K.Stewart,"Temple, TX, USA",WR,74.0,197.0,ACT,FR,d5199a36-7f26-4c3b-be48-9599039e232c
80c63b8c-3462-4948-86dd-29d48d577936,Scooby,Williams,,S.Williams,"Birmingham, AL, USA",LB,74.0,230.0,ACT,SR,d5199a36-7f26-4c3b-be48-9599039e232c
80edb9d0-a275-11ed-8f2b-f3e5e15ec7fb,DJ,Hicks,,D.Hicks,"Katy, TX, USA",DT,75.0,295.0,ACT,JR,d5199a36-7f26-4c3b-be48-9599039e232c
825b16ba-2afc-4d05-9727-edab0fb0f126,Dayon,Hayes,,D.Hayes,"Pittsburgh, PA, USA",DE,75.0,264.0,ACT,GR,d5199a36-7f26-4c3b-be48-9599039e232c
85e91f10-c5c9-11ee-bbc7-a52b27e3c1e2,Robert,Bourdon,,R.Bourdon,"Collierville, TN, USA",OL,78.0,318.0,ACT,FR,d5199a36-7f26-4c3b-be48-9599039e232c
86774500-138b-11ef-8d1d-856d45ef54a7,Adam,Graham,,A.Graham,"Kingwood, TX, USA",CB,71.0,195.0,ACT,SO,d5199a36-7f26-4c3b-be48-9599039e232c
88f45160-68f3-11f0-a1bf-757c76f75de4,Colton,Chmelar,,C.Chmelar,"College Station, TX, USA",K,72.0,191.0,ACT,FR,d5199a36-7f26-4c3b-be48-9599039e232c
89abe484-0e5c-4b37-9428-50d560ab6f52,Koli,Faaiu,,K.Faaiu,"Lynnwood, WA, USA",OL,75.0,333.0,ACT,SR,d5199a36-7f26-4c3b-be48-9599039e232c
8af66110-8abc-11ec-accc-5b87d3320078,Ryan,Henderson,,R.Henderson,"Las Vegas, NV, USA",DE,75.0,250.0,ACT,JR,d5199a36-7f26-4c3b-be48-9599039e232c
8b83aaea-9a5d-448e-b776-1bca1e229e94,Dametrious,Crownover,,D.Crownover,"Grandview, TX, USA",OT,79.0,336.0,ACT,GR,d5199a36-7f26-4c3b-be48-9599039e232c
8c405310-f027-11ed-8095-ff92e6250fed,Aidan,Herrera,,A.Herrera,"San Antonio, TX, USA",LB,71.0,223.0,ACT,JR,d5199a36-7f26-4c3b-be48-9599039e232c
8c87c620-6f3a-11f0-9706-9372e414bb27,Lucas,Pernas,,L.Pernas,"Tomball, TX, USA",DT,74.0,282.0,ACT,FR,d5199a36-7f26-4c3b-be48-9599039e232c
8cc364b0-37c3-11ee-8aad-e574e8ef7217,Alessandro,Perez,,A.Perez,"Georgetown, TX, USA",DE,74.0,234.0,TP,JR,d5199a36-7f26-4c3b-be48-9599039e232c
8cc5c0b9-52e8-45da-b6a6-bf67fab9781c,William,Huntsinger,,W.Huntsinger,"San Antonio, TX, USA",OL,75.0,300.0,ACT,JR,d5199a36-7f26-4c3b-be48-9599039e232c
8ee02562-28be-4533-91f6-9692de970893,Amari,Daniels,,A.Daniels,"Miami, FL, USA",RB,68.0,197.0,ACT,SR,d5199a36-7f26-4c3b-be48-9599039e232c
8fc0fba0-30d2-11f0-881a-e573237ad853,Adonyss,Currie,,A.Currie,"Lancaster, CA, USA",CB,72.0,174.0,ACT,FR,d5199a36-7f26-4c3b-be48-9599039e232c
92cdd7e0-58c5-11ef-9bfa-85db8004dd3b,Ramarian,Tillman,,R.Tillman,"Rockford, IL, USA",RB,70.0,220.0,ACT,FR,d5199a36-7f26-4c3b-be48-9599039e232c
92f041cb-6cc9-4a25-8ca2-8752dafbbc3b,Albert,Regis,,A.Regis,"La Porte, TX, USA",DT,73.0,317.0,ACT,GR,d5199a36-7f26-4c3b-be48-9599039e232c
9452caab-2be2-427e-a63c-4a9edc252bdc,Jared,Zirkel,,J.Zirkel,"Kerrville, TX, USA",K,74.0,194.0,ACT,GR,d5199a36-7f26-4c3b-be48-9599039e232c
9875f210-30d1-11f0-881a-e573237ad853,Deyjhon,Pettaway,,D.Pettaway,"Katy, TX, USA",CB,70.0,183.0,ACT,FR,d5199a36-7f26-4c3b-be48-9599039e232c
99a76e50-183a-11ed-a064-ef8b74c0c167,Isaiah,Horton,,I.Horton,"Nashville, TN, USA",WR,76.0,208.0,ACT,JR,d5199a36-7f26-4c3b-be48-9599039e232c
9a6337c0-850f-11ec-b84d-a909c14fc4b8,Le'Veon,Moss,,L.Moss,"Walker, LA, USA",RB,71.0,210.0,ACT,SR,d5199a36-7f26-4c3b-be48-9599039e232c
9b4a0100-30ce-11f0-881a-e573237ad853,Marco,Jones,,M.Jones,"Dublin, CA, USA",DE,77.0,258.0,ACT,FR,d5199a36-7f26-4c3b-be48-9599039e232c
9df59922-8e8e-48ed-abe9-ee3d04d44b81,EJ,Smith,,E.Smith,"Dallas, TX, USA",RB,71.0,211.0,ACT,GR,d5199a36-7f26-4c3b-be48-9599039e232c
a5b6f4cc-989b-479e-a78f-ea243c55f2d7,Jacob,Graham,,J.Graham,"Houston, TX, USA",LS,70.0,218.0,ACT,GR,d5199a36-7f26-4c3b-be48-9599039e232c
a5ec97a0-a276-11ed-8f2b-f3e5e15ec7fb,Tyler,White,,T.White,"Southlake, TX, USA",P,75.0,225.0,ACT,SO,d5199a36-7f26-4c3b-be48-9599039e232c
a645f7b0-a275-11ed-8f2b-f3e5e15ec7fb,Dalton,Brooks,,D.Brooks,"Shiner, TX, USA",SAF,72.0,193.0,ACT,JR,d5199a36-7f26-4c3b-be48-9599039e232c
a82db4d0-f024-11ed-8095-ff92e6250fed,Johnny,Ryder,,J.Ryder,"Granger, TX, USA",WR,73.0,203.0,ACT,JR,d5199a36-7f26-4c3b-be48-9599039e232c
aa8cfc20-8510-11ec-9a71-73254de4b571,Jadon,Scarlett,,J.Scarlett,"Argyle, TX, USA",DT,74.0,297.0,ACT,SO,d5199a36-7f26-4c3b-be48-9599039e232c
ab3ce9e0-1418-11ed-8f55-53b238da45a2,Levi,Hancock,,L.Hancock,"Bryan, TX, USA",LS,73.0,220.0,ACT,JR,d5199a36-7f26-4c3b-be48-9599039e232c
af6c3d50-58c6-11ef-9b3b-c731cdaeaa58,Peyton,Gay,,P.Gay,"Panama City, FL, USA",SAF,70.0,206.0,ACT,FR,d5199a36-7f26-4c3b-be48-9599039e232c
afe3bc90-a70b-11ed-9c28-875d22de9ca9,Sam,M'Pemba,,S.M'Pemba,"Olivette, MO, USA",DE,75.0,252.0,ACT,SO,d5199a36-7f26-4c3b-be48-9599039e232c
b7e8a2a0-30d1-11f0-881a-e573237ad853,Eli,Morcos,,E.Morcos,"Montgomery, TX, USA",QB,73.0,205.0,ACT,FR,d5199a36-7f26-4c3b-be48-9599039e232c
b9c46ba0-318e-11f0-bf3f-a1f1a3d47671,Marcus,Garcia,,M.Garcia,"Denton, TX, USA",OL,75.0,304.0,ACT,FR,d5199a36-7f26-4c3b-be48-9599039e232c
bb882ac0-c5c0-11ee-bbc7-a52b27e3c1e2,Blake,Ivy,,B.Ivy,"League City, TX, USA",OL,75.0,336.0,ACT,FR,d5199a36-7f26-4c3b-be48-9599039e232c
be212c10-828d-11f0-8f76-359c9f6c2995,Luke,Miller,,L.Miller,"Rockwall, TX, USA",WR,69.0,188.0,ACT,JR,d5199a36-7f26-4c3b-be48-9599039e232c
bfbf7db0-313c-11ed-bfcf-65eaff9f277b,Nana,Boadi-Owusu,,N.Boadi-Owusu,"Arlington, TX, USA",DE,73.0,246.0,ACT,JR,d5199a36-7f26-4c3b-be48-9599039e232c
c266f2d0-a8e4-11ed-8f9f-4571392585dc,Tawfiq,Byard,,T.Byard,"Hyattsville, MD, USA",SAF,73.0,195.0,ACT,SO,d5199a36-7f26-4c3b-be48-9599039e232c
c26b03e0-a275-11ed-8f2b-f3e5e15ec7fb,Bravion,Rogers,,B.Rogers,"La Grange, TX, USA",CB,71.0,188.0,ACT,JR,d5199a36-7f26-4c3b-be48-9599039e232c
c3566590-30d2-11f0-b2d4-015799b0b751,Kiotti,Armstrong,,K.Armstrong,"Jasper, TX, USA",TE,77.0,275.0,ACT,FR,d5199a36-7f26-4c3b-be48-9599039e232c
c358af00-58c7-11ef-9b3b-c731cdaeaa58,Bryce,Barnes,,B.Barnes,"Pearland, TX, USA",OL,79.0,265.0,ACT,SR,d5199a36-7f26-4c3b-be48-9599039e232c
c617a6c0-b9fc-11ee-9029-3760994e83f9,Angelo,McCullom,,A.McCullom,"Pickerington, OH, USA",DL,74.0,300.0,ACT,SO,d5199a36-7f26-4c3b-be48-9599039e232c
cd093fd0-8eab-11ec-8d02-85ead82574a9,Anto,Saka,,A.Saka,"Baltimore, MD, USA",DL,76.0,255.0,ACT,JR,d5199a36-7f26-4c3b-be48-9599039e232c
ce8aded0-a652-11ed-8186-3f56d8db30c9,T.J.,Searcy,,T.Searcy,"Thomaston, GA, USA",DE,77.0,255.0,ACT,JR,d5199a36-7f26-4c3b-be48-9599039e232c
d018e8f0-1d86-11ed-94bb-9f870848f4f7,Nathan,Jackson,,N.Jackson,"Red Oak, TX, USA",DT,71.0,291.0,ACT,SR,d5199a36-7f26-4c3b-be48-9599039e232c
d1fd18b0-e9de-11ed-a3a6-d3659340da8d,Dezz,Ricks,,D.Ricks,"Norfolk, VA, USA",CB,73.0,188.0,ACT,SO,d5199a36-7f26-4c3b-be48-9599039e232c
d7edec4a-0e7d-46c5-bc9b-4a311c486356,Cashius,Howell,,C.Howell,"Kansas City, MO, USA",DE,74.0,248.0,ACT,SR,d5199a36-7f26-4c3b-be48-9599039e232c
d7ee95b0-68fc-11f0-ac1f-4d05c93da686,Will,Hargett,,W.Hargett,"College Station, TX, USA",WR,69.0,165.0,ACT,FR,d5199a36-7f26-4c3b-be48-9599039e232c
da346c40-1419-11ed-8f55-53b238da45a2,Chance,Jackson,,C.Jackson,"The Woodlands, TX, USA",OL,71.0,285.0,ACT,JR,d5199a36-7f26-4c3b-be48-9599039e232c
deff4e00-850f-11ec-b84d-a909c14fc4b8,Mark,Nabou,,M.Nabou,"Lynnwood, WA, USA",OL,76.0,330.0,ACT,SO,d5199a36-7f26-4c3b-be48-9599039e232c
e1615a30-58c5-11ef-9b3b-c731cdaeaa58,Layne,Gerke,,L.Gerke,"Hallettsville, TX, USA",SAF,70.0,193.0,ACT,SO,d5199a36-7f26-4c3b-be48-9599039e232c
e1b89c50-cdcf-11ed-8aca-3b1b1705cb38,Ray,Coney,,R.Coney,"Fairfield, OH, USA",LB,74.0,240.0,ACT,JR,d5199a36-7f26-4c3b-be48-9599039e232c
e2d23aa0-9447-11ec-adaa-8df9ab712ef8,Houston,Thomas,,H.Thomas,"College Station, TX, USA",TE,77.0,245.0,ACT,JR,d5199a36-7f26-4c3b-be48-9599039e232c
e4641ca0-a664-11ed-932d-1ba693c6f5bf,Jonah,Wilson,,J.Wilson,"Houston, TX, USA",WR,74.0,211.0,ACT,SO,d5199a36-7f26-4c3b-be48-9599039e232c
e636e750-a273-11ed-8f2b-f3e5e15ec7fb,Rueben,Owens,,R.Owens,"El Campo, TX, USA",RB,71.0,215.0,ACT,SO,d5199a36-7f26-4c3b-be48-9599039e232c
e9a68790-828d-11f0-8f76-359c9f6c2995,Whitaker,Williams,,W.Williams,"Frisco, TX, USA",WR,74.0,,ACT,SO,d5199a36-7f26-4c3b-be48-9599039e232c
ec83fd10-3190-11f0-9b47-bbcaf5ceb380,Tyler,Thomas,,T.Thomas,"Dickinson, TX, USA",OL,76.0,329.0,ACT,FR,d5199a36-7f26-4c3b-be48-9599039e232c
ed6d3b50-138d-11ef-b40d-37c5c258d0b3,Luke,Braden,,L.Braden,"Stratford, TX, USA",TE,76.0,245.0,ACT,SO,d5199a36-7f26-4c3b-be48-9599039e232c
ee736f60-9c51-11ed-9b81-9b68194c9dc2,Wilkin,Formby,,W.Formby,"Tuscaloosa, AL, USA",OL,79.0,324.0,ACT,SO,d5199a36-7f26-4c3b-be48-9599039e232c
eeb59020-982d-11ed-83e5-c539351ebec3,Jordan,Shaw,,J.Shaw,"Los Angeles, CA, USA",CB,71.0,182.0,ACT,SO,d5199a36-7f26-4c3b-be48-9599039e232c
f14d9740-c5c4-11ee-bbc7-a52b27e3c1e2,Kendall,Jackson,,K.Jackson,"Gainesville, FL, USA",DE,75.0,256.0,ACT,FR,d5199a36-7f26-4c3b-be48-9599039e232c
f26bc270-30ce-11f0-881a-e573237ad853,Kelshaun,Johnson,,K.Johnson,"Hitchcock, TX, USA",WR,71.0,168.0,ACT,FR,d5199a36-7f26-4c3b-be48-9599039e232c
f2949310-a275-11ed-8f2b-f3e5e15ec7fb,Marcel,Reed,,M.Reed,"Nashville, TN, USA",QB,73.0,185.0,ACT,SO,d5199a36-7f26-4c3b-be48-9599039e232c
fa770e90-30d1-11f0-881a-e573237ad853,Jamar,Beal-Goines,,J.Beal-Goines,"Phoenix, AZ, USA",CB,71.0,180.0,ACT,FR,d5199a36-7f26-4c3b-be48-9599039e232c
faa58250-c761-11ee-8103-c1f6abe73ac2,Mario,Craver,,M.Craver,"Birmingham, AL, USA",WR,69.0,165.0,ACT,SO,d5199a36-7f26-4c3b-be48-9599039e232c
fb41d7a0-30dc-11f0-b2d4-015799b0b751,Nelson,McGuire,,N.McGuire,"Dallas, TX, USA",OL,76.0,319.0,ACT,FR,d5199a36-7f26-4c3b-be48-9599039e232c
fd9abcd0-9cdf-11ed-8450-073f5137ec67,Wesley,Watson,,W.Watson,"College Station, TX, USA",WR,72.0,190.0,ACT,JR,d5199a36-7f26-4c3b-be48-9599039e232c
fe2b0780-37c2-11ee-8aad-e574e8ef7217,Blake,Buntyn,,B.Buntyn,"Franklin, TN, USA",WR,73.0,200.0,TP,JR,d5199a36-7f26-4c3b-be48-9599039e232c
fe568ef6-751d-408f-916f-639031271455,Tyler,Onyedim,,T.Onyedim,"Richmond, TX, USA",DT,75.0,295.0,ACT,GR,d5199a36-7f26-4c3b-be48-9599039e232c
0149a7c0-b566-11ee-8e47-01abab3f5e65,Connor,Warkentin,,C.Warkentin,"Bakersfield, CA, USA",OL,77.0,293.0,ACT,SO,35aa5295-ad07-4b95-aad2-63d1d5bf9009
03e999e0-1766-11f1-933a-7d8aa1f0968c,Andrew,Rheubottom,,A.Rheubottom,"Baltimore, MD, USA",DL,72.0,277.0,ACT,SR,35aa5295-ad07-4b95-aad2-63d1d5bf9009
0747fb00-8f56-11ec-9f33-1965c9c46e44,Braxton,Fely,,B.Fely,"Orem, UT, USA",DL,73.0,296.0,ACT,SR,35aa5295-ad07-4b95-aad2-63d1d5bf9009
088c4f60-3387-11f0-af03-291605424532,Zeke,Martinez,,Z.Martinez,"Meridian, ID, USA",QB,72.0,215.0,ACT,FR,35aa5295-ad07-4b95-aad2-63d1d5bf9009
0af61e70-5d3f-11f0-a1ff-877d1bfad4cd,Kamryn,Jones,,K.Jones,"Temecula, CA, USA",WR,74.0,210.0,ACT,FR,35aa5295-ad07-4b95-aad2-63d1d5bf9009
0cd10320-d656-11ee-a81b-836f7b28dd34,Juelz,Goff,,J.Goff,"York, PA, USA",RB,69.0,195.0,ACT,SO,35aa5295-ad07-4b95-aad2-63d1d5bf9009
0cdb2921-e2af-484b-8c0a-69a1e64afdeb,Ty,Tanner,,T.Tanner,"Meridian, ID, USA",LB,73.0,225.0,ACT,SO,35aa5295-ad07-4b95-aad2-63d1d5bf9009
0def9080-338b-11f0-af03-291605424532,Jacob,Tracy,,J.Tracy,"Yelm, WA, USA",OL,78.0,300.0,ACT,FR,35aa5295-ad07-4b95-aad2-63d1d5bf9009
10e1aec0-9b78-11ed-a4ac-714cca6522cd,Zander,Esty,,Z.Esty,"Auburn, CA, USA",OL,76.0,300.0,ACT,JR,35aa5295-ad07-4b95-aad2-63d1d5bf9009
116a2aa0-9841-11ed-b515-b9f449cb451d,A'Marion,McCoy,,A.McCoy,"East Palo Alto, CA, USA",CB,72.0,180.0,ACT,SR,35aa5295-ad07-4b95-aad2-63d1d5bf9009
16114790-175b-11f1-933a-7d8aa1f0968c,Adam,Auston,,A.Auston,"Lawton, OK, USA",LB,73.0,228.0,ACT,FR,35aa5295-ad07-4b95-aad2-63d1d5bf9009
17a378f0-175e-11f1-933a-7d8aa1f0968c,Madden,Soliai,,M.Soliai,"Kahuku, HI, USA",DB,69.0,179.0,ACT,FR,35aa5295-ad07-4b95-aad2-63d1d5bf9009
18f832c0-5d3e-11f0-a1ff-877d1bfad4cd,Carter,Kuchenbuch,,C.Kuchenbuch,"Okanogan, WA, USA",TE,77.0,238.0,ACT,FR,35aa5295-ad07-4b95-aad2-63d1d5bf9009
1aa71170-175d-11f1-933a-7d8aa1f0968c,Cash,Herrera,,C.Herrera,"La Jolla, CA, USA",QB,74.0,202.0,ACT,FR,35aa5295-ad07-4b95-aad2-63d1d5bf9009
1c84a4c0-3384-11f0-abd1-6714a3a34f77,Samuel,Brooks,,S.Brooks,"Duval County, FL, USA",LB,73.0,200.0,ACT,SR,35aa5295-ad07-4b95-aad2-63d1d5bf9009
24472f80-983f-11ed-b515-b9f449cb451d,Carson,Rasmussen,,C.Rasmussen,"Meridian, ID, USA",OL,77.0,300.0,ACT,JR,35aa5295-ad07-4b95-aad2-63d1d5bf9009
2757df20-5d37-11f0-93ee-813dcdd4519d,Sherrod,Smith,,S.Smith,"East Palo Alto, CA, USA",DB,73.0,185.0,ACT,JR,35aa5295-ad07-4b95-aad2-63d1d5bf9009
28047ec0-8f58-11ec-9f33-1965c9c46e44,Jayden,Virgin-Morgan,,J.Virgin-Morgan,"San Diego, CA, USA",DE,75.0,260.0,ACT,SR,35aa5295-ad07-4b95-aad2-63d1d5bf9009
2942fb50-38ac-11ee-9a9e-9341b9f55e1d,David,Latu,,D.Latu,"Rosepark, UT, USA",DL,76.0,325.0,ACT,SR,35aa5295-ad07-4b95-aad2-63d1d5bf9009
294de0d1-2f1f-483e-a17c-5d4f5893fbc8,Luke,Voorhees,,L.Voorhees,"Arbuckle, CA, USA",TE,75.0,242.0,ACT,SR,35aa5295-ad07-4b95-aad2-63d1d5bf9009
29ea0bc0-b566-11ee-8e47-01abab3f5e65,Lopez,Sanusi,,L.Sanusi,"Dublin,, IRL",DL,75.0,307.0,ACT,SO,35aa5295-ad07-4b95-aad2-63d1d5bf9009
2a894a50-8f57-11ec-9f33-1965c9c46e44,Jake,Ripp,,J.Ripp,"Los Gatos, CA, USA",LB,75.0,240.0,ACT,SR,35aa5295-ad07-4b95-aad2-63d1d5bf9009
2c1da190-491e-11ee-a3c5-2da2c4c8ceb1,Demetrius,Freeney,,D.Freeney,"San Leandro, CA, USA",DB,72.0,187.0,ACT,SR,35aa5295-ad07-4b95-aad2-63d1d5bf9009
2f2104e0-3387-11f0-af03-291605424532,Arthur,de Boachie,,A.de Boachie,"Amsterdam,, NLD",DB,72.0,192.0,ACT,SO,35aa5295-ad07-4b95-aad2-63d1d5bf9009
315ba230-b564-11ee-8e47-01abab3f5e65,Sire,Gaines,,S.Gaines,"Perris, CA, USA",RB,72.0,217.0,ACT,SO,35aa5295-ad07-4b95-aad2-63d1d5bf9009
32c71330-379b-11ee-adb8-275d37df7895,Roman,Tillmon,,R.Tillmon,"Independence, MO, USA",DB,71.0,185.0,ACT,JR,35aa5295-ad07-4b95-aad2-63d1d5bf9009
34fb5150-5d39-11f0-8204-c54ff6156360,Josiah,Alanis,,J.Alanis,"Vancouver, WA, USA",DB,73.0,186.0,ACT,FR,35aa5295-ad07-4b95-aad2-63d1d5bf9009
361af730-983c-11ed-b515-b9f449cb451d,Franklyn,Johnson,,F.Johnson,"Little Elm, TX, USA",DB,70.0,172.0,ACT,JR,35aa5295-ad07-4b95-aad2-63d1d5bf9009
3b6b7770-cb8d-11ee-9999-b31fa4ce417f,Taebron,Bennie-Powell,,T.Bennie-Powell,"Cincinnati, OH, USA",DB,73.0,177.0,ACT,SO,35aa5295-ad07-4b95-aad2-63d1d5bf9009
3c805390-9027-11ec-8556-6fa97bcffaf0,Jake,Steele,,J.Steele,"Temecula, CA, USA",OL,76.0,302.0,ACT,SR,35aa5295-ad07-4b95-aad2-63d1d5bf9009
3d205ec0-b565-11ee-8e47-01abab3f5e65,Dylan,Riley,,D.Riley,"Moreno Valley, CA, USA",RB,70.0,192.0,ACT,JR,35aa5295-ad07-4b95-aad2-63d1d5bf9009
400f54e0-175d-11f1-933a-7d8aa1f0968c,Davin,Hill,,D.Hill,"Arlington, TX, USA",DB,70.0,179.0,ACT,FR,35aa5295-ad07-4b95-aad2-63d1d5bf9009
4097a3b0-13b6-11ef-820e-971fe5c9106d,AJ,Maes,,A.Maes,"Palos Verdes, CA, USA",WR,75.0,197.0,ACT,JR,35aa5295-ad07-4b95-aad2-63d1d5bf9009
40ff5f19-c9f3-44cc-8c80-275393dbc01e,Chase,Penry,,C.Penry,"Denver, CO, USA",WR,72.0,192.0,ACT,SR,35aa5295-ad07-4b95-aad2-63d1d5bf9009
42c137e0-37a3-11ee-9da9-cbc804f3c5d8,Hunter,Higham,,H.Higham,"Shelley, ID, USA",LS,75.0,245.0,ACT,SO,35aa5295-ad07-4b95-aad2-63d1d5bf9009
433674c0-9c5c-11ed-8502-732faaf2b36c,Logan,Brantley,,L.Brantley,"Denver, CO, USA",LB,72.0,229.0,ACT,JR,35aa5295-ad07-4b95-aad2-63d1d5bf9009
435337a0-9c1b-11ec-b570-ad87f4d759e9,Darren,Morris,,D.Morris,"Baton Rouge, LA, USA",WR,73.0,183.0,ACT,SR,35aa5295-ad07-4b95-aad2-63d1d5bf9009
43ab6330-1764-11f1-933a-7d8aa1f0968c,Zyhaire,Lewis,,Z.Lewis,"Fontana, CA, USA",LB,72.0,215.0,ACT,JR,35aa5295-ad07-4b95-aad2-63d1d5bf9009
46415f10-175e-11f1-933a-7d8aa1f0968c,Paz,St. John,,P.St. John,"Peoria, AZ, USA",DL,74.0,268.0,ACT,FR,35aa5295-ad07-4b95-aad2-63d1d5bf9009
5071dca0-9d2a-11ed-83ea-ab152886418a,Miles,Walker,,M.Walker,"Greenwich, CT, USA",OL,77.0,317.0,ACT,JR,35aa5295-ad07-4b95-aad2-63d1d5bf9009
51ab8de0-5d36-11f0-93ee-813dcdd4519d,Demetric,Whitlock,,D.Whitlock,"Gilbert, LA, USA",WR,72.0,185.0,ACT,JR,35aa5295-ad07-4b95-aad2-63d1d5bf9009
51d4872c-95be-4310-a650-72e8c1c64a24,Mitch,Bothwell,,M.Bothwell,"Fort Worth, TX, USA",TE,76.0,245.0,ACT,SR,35aa5295-ad07-4b95-aad2-63d1d5bf9009
52e79890-983d-11ed-b515-b9f449cb451d,Michael,Madrie,,M.Madrie,"Argyle, TX, USA",DL,76.0,290.0,ACT,JR,35aa5295-ad07-4b95-aad2-63d1d5bf9009
53882700-5d3f-11f0-a1ff-877d1bfad4cd,Qumonte,Williams,,Q.Williams,"Fort Worth, TX, USA",WR,77.0,190.0,ACT,SO,35aa5295-ad07-4b95-aad2-63d1d5bf9009
5ba66820-983e-11ed-b515-b9f449cb451d,Jason,Steele,,J.Steele,"Temecula, CA, USA",OL,76.0,300.0,ACT,JR,35aa5295-ad07-4b95-aad2-63d1d5bf9009
5ecd4550-1766-11f1-933a-7d8aa1f0968c,Akeem,Wright,,A.Wright,"Baltimore, MD, USA",WR,71.0,165.0,ACT,SR,35aa5295-ad07-4b95-aad2-63d1d5bf9009
5ed3b080-b565-11ee-8e47-01abab3f5e65,Kaden,Anderson,,K.Anderson,"Chandler, AZ, USA",TE,75.0,232.0,ACT,SO,35aa5295-ad07-4b95-aad2-63d1d5bf9009
6357a910-175e-11f1-933a-7d8aa1f0968c,Daniil,Starykh,,D.Starykh,"Berlin,, DEU",OL,75.0,296.0,ACT,FR,35aa5295-ad07-4b95-aad2-63d1d5bf9009
657985a0-5d38-11f0-8204-c54ff6156360,AJ,Jones,,A.Jones,"Murrieta, CA, USA",WR,73.0,180.0,ACT,FR,35aa5295-ad07-4b95-aad2-63d1d5bf9009
68d45c30-9840-11ed-b515-b9f449cb451d,Kyle,Cox,,K.Cox,"Eatonville, WA, USA",OL,78.0,300.0,ACT,JR,35aa5295-ad07-4b95-aad2-63d1d5bf9009
6c7b5816-bd3e-4364-8ffa-81b1199ff7a3,Malik,Sherrod,,M.Sherrod,"Oxnard, CA, USA",RB,68.0,177.0,ACT,SR,35aa5295-ad07-4b95-aad2-63d1d5bf9009
6c9145b0-3979-11ee-bc58-1de6ac2d12f2,Max,Cutforth,,M.Cutforth,"Nampa, ID, USA",QB,74.0,208.0,ACT,JR,35aa5295-ad07-4b95-aad2-63d1d5bf9009
6e272d10-338a-11f0-af03-291605424532,Mana,Tuioti,,M.Tuioti,"Eugene, OR, USA",LB,70.0,228.0,ACT,SO,35aa5295-ad07-4b95-aad2-63d1d5bf9009
71ec9150-5d3e-11f0-a1ff-877d1bfad4cd,Jaden,Williams,,J.Williams,"Mission Viejo, CA, USA",DE,75.0,245.0,ACT,FR,35aa5295-ad07-4b95-aad2-63d1d5bf9009
734620f0-3388-11f0-af03-291605424532,Stewart,Taufa,,S.Taufa,"St. George, UT, USA",OL,73.0,302.0,ACT,FR,35aa5295-ad07-4b95-aad2-63d1d5bf9009
73b5c8f6-7dbc-4614-8293-742892910600,Mason,Randolph,,M.Randolph,"Yorba Linda, CA, USA",C,76.0,310.0,ACT,SR,35aa5295-ad07-4b95-aad2-63d1d5bf9009
7aecd890-983e-11ed-b515-b9f449cb451d,Max,Stege,,M.Stege,"Cologne,, DEU",DL,76.0,269.0,ACT,SR,35aa5295-ad07-4b95-aad2-63d1d5bf9009
7b39c590-5d3c-11f0-8204-c54ff6156360,Tahj,Crutchfield,,T.Crutchfield,"Eastvale, CA, USA",DB,71.0,180.0,ACT,FR,35aa5295-ad07-4b95-aad2-63d1d5bf9009
7b3b4020-08b8-11ef-aff2-ef9e9c8a1077,Oscar,Doyle,,O.Doyle,"Brisbane,, AUS",P,75.0,214.0,ACT,SR,35aa5295-ad07-4b95-aad2-63d1d5bf9009
7ce70800-5c41-11ef-974a-97fab3e51ed3,Alma,Taleni,,A.Taleni,"Coomera,, AUS",OL,79.0,297.0,ACT,SO,35aa5295-ad07-4b95-aad2-63d1d5bf9009
80637c10-b7d3-11ee-a2fd-5d8df3bb01a6,Harry,Stewart,,H.Stewart,"Frisco, TX, USA",RB,70.0,220.0,ACT,SO,35aa5295-ad07-4b95-aad2-63d1d5bf9009
81646f13-988b-41e7-a769-01757004d428,Mason,Hutton,,M.Hutton,"Riverside, CA, USA",LS,77.0,230.0,ACT,SR,35aa5295-ad07-4b95-aad2-63d1d5bf9009
81bb8aa0-b565-11ee-8e47-01abab3f5e65,Trevor,McKenna,,T.McKenna,"Boise, ID, USA",DL,78.0,287.0,ACT,SO,35aa5295-ad07-4b95-aad2-63d1d5bf9009
82cf4da0-338b-11f0-af03-291605424532,Bol,Bol,,B.Bol,"Brooks, AB, CAN",DE,76.0,240.0,ACT,SO,35aa5295-ad07-4b95-aad2-63d1d5bf9009
846b49a0-1982-11ed-b2f8-9f2ef14bd4d3,Caden,Kellow,,C.Kellow,"Brentwood, TN, USA",LS,71.0,223.0,ACT,SR,35aa5295-ad07-4b95-aad2-63d1d5bf9009
849e8cc0-8f58-11ec-9f33-1965c9c46e44,Seth,Knothe,,S.Knothe,"Boise, ID, USA",RB,73.0,214.0,TP,JR,35aa5295-ad07-4b95-aad2-63d1d5bf9009
87139520-13c4-11ef-8b2f-112118f5f977,Syncere,Brackett-Lambey,,S.Brackett-Lambey,"Compton, CA, USA",LB,74.0,233.0,ACT,SO,35aa5295-ad07-4b95-aad2-63d1d5bf9009
87b69130-b564-11ee-8e47-01abab3f5e65,Trey,Tolmaire,,T.Tolmaire,"Mission Viejo, CA, USA",DB,71.0,185.0,ACT,SO,35aa5295-ad07-4b95-aad2-63d1d5bf9009
89d6f740-175d-11f1-933a-7d8aa1f0968c,Rasean,Jones,,R.Jones,"Meridian, ID, USA",WR,74.0,199.0,ACT,FR,35aa5295-ad07-4b95-aad2-63d1d5bf9009
8b5212e0-5d3f-11f0-a1ff-877d1bfad4cd,Gavin,Packer,,G.Packer,"Vancouver, WA, USA",WR,70.0,180.0,ACT,FR,35aa5295-ad07-4b95-aad2-63d1d5bf9009
8bfd8510-9840-11ed-b515-b9f449cb451d,Matt,Wagner,,M.Wagner,"Prosper, TX, USA",TE,77.0,250.0,ACT,JR,35aa5295-ad07-4b95-aad2-63d1d5bf9009
8e5e8d20-175b-11f1-933a-7d8aa1f0968c,Ryan,Brekke,,R.Brekke,"Meridian, ID, USA",TE,74.0,216.0,ACT,FR,35aa5295-ad07-4b95-aad2-63d1d5bf9009
8eb5b9f0-b566-11ee-8e47-01abab3f5e65,Tayo,Omotinugbon,,T.Omotinugbon,"Queen Creek, AZ, USA",OL,74.0,288.0,ACT,FR,35aa5295-ad07-4b95-aad2-63d1d5bf9009
8f1aba00-5d47-11f0-a1ff-877d1bfad4cd,Kobe,Young,,K.Young,"Pasco, WA, USA",WR,79.0,205.0,ACT,SR,35aa5295-ad07-4b95-aad2-63d1d5bf9009
908177b0-175c-11f1-933a-7d8aa1f0968c,Rocky,Dunn,,R.Dunn,"Melissa, TX, USA",LB,73.0,198.0,ACT,FR,35aa5295-ad07-4b95-aad2-63d1d5bf9009
92d4d6b0-54e9-11ef-ac5f-13c9e6008666,Parker,Perkins,,P.Perkins,"Middleton, ID, USA",OL,74.0,300.0,ACT,SO,35aa5295-ad07-4b95-aad2-63d1d5bf9009
945d61b0-8f56-11ec-9f33-1965c9c46e44,Maddux,Madsen,,M.Madsen,"Lehi, UT, USA",QB,70.0,207.0,ACT,SR,35aa5295-ad07-4b95-aad2-63d1d5bf9009
95e6a700-8946-11ec-b2b8-adecafc94fa4,Jeremiah,Earby,,J.Earby,"East Palo Alto, CA, USA",CB,74.0,186.0,ACT,SR,35aa5295-ad07-4b95-aad2-63d1d5bf9009
986094c0-4cfc-11ee-883d-9fb944ea3992,Mikaio,Edward,,M.Edward,"Kent, WA, USA",DL,73.0,285.0,ACT,JR,35aa5295-ad07-4b95-aad2-63d1d5bf9009
9933c7e0-791f-11f0-a7a2-7f6b0e39cfe9,Canaan,Moore,,C.Moore,"Vancouver, WA, USA",K,71.0,170.0,ACT,FR,35aa5295-ad07-4b95-aad2-63d1d5bf9009
9a41e7bb-74c3-4d03-986b-9958e27b4719,Dion,Washington,,D.Washington,"Las Vegas, NV, USA",DL,74.0,305.0,ACT,SR,35aa5295-ad07-4b95-aad2-63d1d5bf9009
9d1887c0-8f57-11ec-9f33-1965c9c46e44,JJ,Talo,,J.Talo,"Kearns, UT, USA",OL,75.0,305.0,ACT,JR,35aa5295-ad07-4b95-aad2-63d1d5bf9009
9fdcac00-175e-11f1-933a-7d8aa1f0968c,Jackson,Taylor,,J.Taylor,"Thousand Oaks, CA, USA",QB,73.0,196.0,ACT,FR,35aa5295-ad07-4b95-aad2-63d1d5bf9009
a35c17b0-b565-11ee-8e47-01abab3f5e65,Travis,Anderson,,T.Anderson,"Mission Viejo, CA, USA",DB,71.0,190.0,ACT,SO,35aa5295-ad07-4b95-aad2-63d1d5bf9009
a3c98a50-91e7-11ec-9587-0f8fa2cff168,Sterling,Lane,,S.Lane,"St. Louis, MO, USA",DE,75.0,238.0,ACT,SR,35aa5295-ad07-4b95-aad2-63d1d5bf9009
a4459820-4208-11ee-ab7d-1f17040df82d,JeRico,Washington,,J.Washington,"Atlanta, GA, USA",DB,69.0,176.0,ACT,JR,35aa5295-ad07-4b95-aad2-63d1d5bf9009
a5c94d00-3387-11f0-af03-291605424532,Dominik,Calhoun,,D.Calhoun,"Pittsburg, CA, USA",DB,71.0,185.0,ACT,FR,35aa5295-ad07-4b95-aad2-63d1d5bf9009
a82732c0-175b-11f1-933a-7d8aa1f0968c,Keawe,Browne,,K.Browne,"Corona, CA, USA",TE,77.0,222.0,ACT,FR,35aa5295-ad07-4b95-aad2-63d1d5bf9009
a8a01690-1ef5-11f0-9f3a-b5f672ec465e,Cam,Jamerson,,C.Jamerson,"Pearland, TX, USA",DB,72.0,188.0,ACT,FR,35aa5295-ad07-4b95-aad2-63d1d5bf9009
a8cd4600-54df-11ef-ac5f-13c9e6008666,Timothy,Mitchell,,T.Mitchell,"Portland, OR, USA",DB,70.0,182.0,ACT,SO,35aa5295-ad07-4b95-aad2-63d1d5bf9009
aaea56fe-dad5-458a-8102-091ad2ea5113,Marco,Notarainni,,M.Notarainni,"San Diego, CA, USA",LB,75.0,240.0,ACT,SR,35aa5295-ad07-4b95-aad2-63d1d5bf9009
ac63d3e0-ac09-11ed-983f-c1a79eaeb6a8,Derek,Ganter,,D.Ganter,"Pasadena, CA, USA",DB,72.0,212.0,ACT,JR,35aa5295-ad07-4b95-aad2-63d1d5bf9009
b37e8973-6795-43a0-9e0d-99a30ae7a1ab,Zach,Holmes,,Z.Holmes,"West Linn, OR, USA",OL,74.0,295.0,ACT,SR,35aa5295-ad07-4b95-aad2-63d1d5bf9009
b4563b60-5d37-11f0-93ee-813dcdd4519d,Quinton,Brown,,Q.Brown,"Argyle, TX, USA",WR,68.0,165.0,ACT,SO,35aa5295-ad07-4b95-aad2-63d1d5bf9009
b61d92c0-11ce-11ed-96a5-b593eec70cf2,Colton,Boomer,,C.Boomer,"Lake Mary, FL, USA",K,70.0,175.0,ACT,SR,35aa5295-ad07-4b95-aad2-63d1d5bf9009
bcc22140-5d3e-11f0-a1ff-877d1bfad4cd,Jameson,Perry,,J.Perry,"Meridian, ID, USA",OL,77.0,290.0,ACT,FR,35aa5295-ad07-4b95-aad2-63d1d5bf9009
be1519c0-175c-11f1-933a-7d8aa1f0968c,Terrious,Favors,,T.Favors,"Atlanta, GA, USA",WR,69.0,163.0,ACT,FR,35aa5295-ad07-4b95-aad2-63d1d5bf9009
c036bd10-1763-11f1-933a-7d8aa1f0968c,Kyle,Hall,,K.Hall,"San Mateo, CA, USA",DB,74.0,205.0,ACT,JR,35aa5295-ad07-4b95-aad2-63d1d5bf9009
c3cb8b50-175d-11f1-933a-7d8aa1f0968c,AJ,Logan,,A.Logan,"Spring Valley, CA, USA",WR,69.0,190.0,ACT,FR,35aa5295-ad07-4b95-aad2-63d1d5bf9009
c66b9ef0-5d3f-11f0-a1ff-877d1bfad4cd,Bethel,Imasuen,,B.Imasuen,"Reading,, GBR",DL,76.0,290.0,ACT,FR,35aa5295-ad07-4b95-aad2-63d1d5bf9009
d1516a00-5d3c-11f0-8204-c54ff6156360,De'Shawn,Toilolo,,D.Toilolo,"Lehi, UT, USA",DE,74.0,234.0,ACT,FR,35aa5295-ad07-4b95-aad2-63d1d5bf9009
d4585ea0-175b-11f1-933a-7d8aa1f0968c,Keilan,Chavies,,K.Chavies,"Hutto, TX, USA",RB,69.0,183.0,ACT,FR,35aa5295-ad07-4b95-aad2-63d1d5bf9009
d485e870-5d39-11f0-8204-c54ff6156360,Greg,Ard,,G.Ard,"New Orleans, LA, USA",RB,70.0,190.0,ACT,FR,35aa5295-ad07-4b95-aad2-63d1d5bf9009
d9d99f70-397c-11ee-bc58-1de6ac2d12f2,Boen,Phelps,,B.Phelps,"Spokane, WA, USA",LB,73.0,215.0,ACT,JR,35aa5295-ad07-4b95-aad2-63d1d5bf9009
db3eaf9b-17bb-42a3-8aab-3d2ec849e563,Latrell,Caples,,L.Caples,"Lancaster, TX, USA",WR,72.0,195.0,ACT,SR,35aa5295-ad07-4b95-aad2-63d1d5bf9009
dcb19020-b566-11ee-8e47-01abab3f5e65,Greg,Bienvenue,,G.Bienvenue,"Mesa, AZ, USA",OL,76.0,303.0,ACT,SO,35aa5295-ad07-4b95-aad2-63d1d5bf9009
dec4c2f3-8177-403b-be7c-611940939af4,Ben,Ford,,B.Ford,"Eagle, ID, USA",WR,70.0,187.0,ACT,SR,35aa5295-ad07-4b95-aad2-63d1d5bf9009
df864350-1765-11f1-933a-7d8aa1f0968c,Tyler,Ethridge,,T.Ethridge,"Midlothian, TX, USA",OL,75.0,308.0,ACT,SR,35aa5295-ad07-4b95-aad2-63d1d5bf9009
dfb4f1b0-13c4-11ef-856c-e15711e567c4,Troy,Grizzle,,T.Grizzle,"Meridian, ID, USA",TE,75.0,246.0,ACT,SO,35aa5295-ad07-4b95-aad2-63d1d5bf9009
e0440c70-191f-11ed-b2f8-9f2ef14bd4d3,Jarrett,Reeser,,J.Reeser,"Canyon Country, CA, USA",K/P,69.0,205.0,TP,JR,35aa5295-ad07-4b95-aad2-63d1d5bf9009
e18b7840-175c-11f1-933a-7d8aa1f0968c,Gustaf,Henriks Ras,,G.Henriks Ras,"Stockholm,, SWE",DE,76.0,228.0,ACT,FR,35aa5295-ad07-4b95-aad2-63d1d5bf9009
e20353d0-b564-11ee-8e47-01abab3f5e65,Cameron,Bates,,C.Bates,"Mansfield, TX, USA",WR,70.0,180.0,ACT,JR,35aa5295-ad07-4b95-aad2-63d1d5bf9009
e20ac4f0-175d-11f1-933a-7d8aa1f0968c,Rowan,Rupp,,R.Rupp,"Meridian, ID, USA",DL,72.0,252.0,ACT,FR,35aa5295-ad07-4b95-aad2-63d1d5bf9009
e20df380-8f55-11ec-9f33-1965c9c46e44,Roger,Carreon,,R.Carreon,"Jal, NM, USA",OL,77.0,310.0,ACT,SR,35aa5295-ad07-4b95-aad2-63d1d5bf9009
e2988540-5d3d-11f0-a1ff-877d1bfad4cd,Markell,Bowens,,M.Bowens,"Pocatello, ID, USA",DE,77.0,240.0,ACT,FR,35aa5295-ad07-4b95-aad2-63d1d5bf9009
e8520dc0-b565-11ee-8e47-01abab3f5e65,Roman,Caywood,,R.Caywood,"Draper, UT, USA",DE,75.0,240.0,ACT,SO,35aa5295-ad07-4b95-aad2-63d1d5bf9009
e8b08ee0-9928-11ed-b4f7-eb456d9aee82,Keanu,Mailoto,,K.Mailoto,"Auburn, WA, USA",DL,77.0,282.0,ACT,SR,35aa5295-ad07-4b95-aad2-63d1d5bf9009
e9eedc50-397b-11ee-bc58-1de6ac2d12f2,Cole,Miller,,C.Miller,"Boise, ID, USA",DB,72.0,186.0,ACT,JR,35aa5295-ad07-4b95-aad2-63d1d5bf9009
edc6acb0-8f57-11ec-9f33-1965c9c46e44,Austin,Terry,,A.Terry,"Tumwater, WA, USA",TE,75.0,245.0,ACT,SR,35aa5295-ad07-4b95-aad2-63d1d5bf9009
ee50c9b0-fa6b-11ed-a9be-bf41c653ab73,Spencer,Gieg,,S.Gieg,"Morgan Hill, CA, USA",DL,74.0,278.0,ACT,JR,35aa5295-ad07-4b95-aad2-63d1d5bf9009
ee54f020-338b-11f0-af03-291605424532,Ryder,Swanson,,R.Swanson,"Oregon City, OR, USA",DL,75.0,290.0,ACT,FR,35aa5295-ad07-4b95-aad2-63d1d5bf9009
f22cbe11-f657-4674-998e-616528f7826e,Zion,Washington,,Z.Washington,"Frisco, TX, USA",SAF,73.0,214.0,ACT,SR,35aa5295-ad07-4b95-aad2-63d1d5bf9009
f32059f0-8952-11ec-a69b-29b9a26b6a2e,Jaden,Mickey,,J.Mickey,"Eastvale, CA, USA",DB,72.0,182.0,ACT,SR,35aa5295-ad07-4b95-aad2-63d1d5bf9009
f3ae72f0-b563-11ee-8e47-01abab3f5e65,Daylon,Metoyer,,D.Metoyer,"Hesperia, CA, USA",OL,76.0,321.0,ACT,SR,35aa5295-ad07-4b95-aad2-63d1d5bf9009
f50d4044-3a68-48d4-9853-fdc987ad02f7,Malakai,Williams,,M.Williams,"Chandler, AZ, USA",DE,77.0,252.0,ACT,SR,35aa5295-ad07-4b95-aad2-63d1d5bf9009
f5fdb600-8f55-11ec-9f33-1965c9c46e44,Kage,Casey,,K.Casey,"Happy Valley, OR, USA",OT,77.0,311.0,ACT,JR,35aa5295-ad07-4b95-aad2-63d1d5bf9009
ff6550bd-fbce-4b7c-a4c9-aba9824780b3,Austin,Bolt,,A.Bolt,"Boise, ID, USA",WR,75.0,215.0,TP,SR,35aa5295-ad07-4b95-aad2-63d1d5bf9009
00ceabd0-7b06-11f0-a1a5-41012f954666,Nate,Riegle,,N.Riegle,"Findlay, OH, USA",DE,74.0,215.0,ACT,JR,9a6d6f3f-021e-4ddd-8fac-ac4766239d87
01626310-28db-11f1-9dbd-6de3ef86cdd7,Jordan,Thomas,,J.Thomas,"Oradell, NJ, USA",CB,73.0,189.0,ACT,FR,9a6d6f3f-021e-4ddd-8fac-ac4766239d87
04906ce0-9d28-11ed-83ea-ab152886418a,Will,Smith,,W.Smith,"Dublin, OH, USA",DL,76.0,292.0,ACT,SR,9a6d6f3f-021e-4ddd-8fac-ac4766239d87
06c2e510-28df-11f1-9dbd-6de3ef86cdd7,Jamir,Perez,,J.Perez,"Cleveland, OH, USA",DL,75.0,360.0,ACT,FR,9a6d6f3f-021e-4ddd-8fac-ac4766239d87
0ac6ece0-a1a8-11ed-8407-d326ef253fb2,Kyle,Parker,,K.Parker,"Allen, TX, USA",WR,70.0,195.0,ACT,SR,9a6d6f3f-021e-4ddd-8fac-ac4766239d87
0c9ea3d0-28de-11f1-9dbd-6de3ef86cdd7,Nick,Lautar,,N.Lautar,"Lebanon, OH, USA",TE,77.0,220.0,ACT,FR,9a6d6f3f-021e-4ddd-8fac-ac4766239d87
1500a650-72d5-11f0-91ab-65069ecf67d3,Omar,Jah,,O.Jah,"Lewis Center, OH, USA",CB,71.0,181.0,ACT,FR,9a6d6f3f-021e-4ddd-8fac-ac4766239d87
15f62180-8507-11ec-b446-1b024413db39,Keenan,Nelson,,K.Nelson,"Philadelphia, PA, USA",DB,72.0,205.0,TP,SR,9a6d6f3f-021e-4ddd-8fac-ac4766239d87
19218a60-9d26-11ed-83ea-ab152886418a,Arvell,Reese,,A.Reese,"Cleveland, OH, USA",LB,76.0,243.0,ACT,JR,9a6d6f3f-021e-4ddd-8fac-ac4766239d87
19576ff0-853e-11ec-95c8-35535b14b4cd,Max,Klare,,M.Klare,"Guilford, IN, USA",TE,77.0,243.0,ACT,JR,9a6d6f3f-021e-4ddd-8fac-ac4766239d87
19a47110-b774-11ed-978d-cf8cbe8d54ba,Julian,Goines-Jackson,,J.Goines-Jackson,"Zanesville, OH, USA",OL,73.0,315.0,ACT,GR,9a6d6f3f-021e-4ddd-8fac-ac4766239d87
19df6d1c-c2f5-4604-8a29-71ce0225934a,Tywone,Malone,,T.Malone,"Jamesburg, NJ, USA",DT,76.0,309.0,ACT,GR,9a6d6f3f-021e-4ddd-8fac-ac4766239d87
1bd0b1d0-2d54-11f0-b443-d7b3f3aa944d,Deshawn,Stewart,,D.Stewart,"Wayne, NJ, USA",SAF,72.0,199.0,ACT,SO,9a6d6f3f-021e-4ddd-8fac-ac4766239d87
1d24c610-505b-11ef-939f-d54feea24c09,JJ,Sebert,,J.Sebert,"Pickerington, OH, USA",SAF,71.0,190.0,ACT,SO,9a6d6f3f-021e-4ddd-8fac-ac4766239d87
1d6be130-102f-11ed-830d-b7f817731eb9,Vasean,Washington,,V.Washington,"Springfield, OH, USA",OL,77.0,285.0,ACT,SR,9a6d6f3f-021e-4ddd-8fac-ac4766239d87
1e8afc90-28db-11f1-9dbd-6de3ef86cdd7,Blaine,Bradford,,B.Bradford,"Baton Rouge, LA, USA",SAF,73.0,209.0,ACT,FR,9a6d6f3f-021e-4ddd-8fac-ac4766239d87
1eed3900-9d24-11ed-83ea-ab152886418a,Brandon,Inniss,,B.Inniss,"Hollywood, FL, USA",WR,72.0,199.0,ACT,SR,9a6d6f3f-021e-4ddd-8fac-ac4766239d87
2090d300-b48b-11ee-b9a4-c724fe842819,Eddrick,Houston,,E.Houston,"Atlanta, GA, USA",DE,75.0,292.0,ACT,JR,9a6d6f3f-021e-4ddd-8fac-ac4766239d87
239264d0-9d29-11ed-83ea-ab152886418a,Kayden,McDonald,,K.McDonald,"Suwanee, GA, USA",DT,75.0,326.0,ACT,JR,9a6d6f3f-021e-4ddd-8fac-ac4766239d87
25f8f350-55f7-11ef-bcbe-0bc3e47a4a6c,Stanley,Jackson,,S.Jackson,"Westerville, OH, USA",RB,71.0,218.0,ACT,JR,9a6d6f3f-021e-4ddd-8fac-ac4766239d87
27327e20-28dd-11f1-9dbd-6de3ef86cdd7,Jaxon,Powell,,J.Powell,"Portsmouth, OH, USA",OL,76.0,306.0,ACT,FR,9a6d6f3f-021e-4ddd-8fac-ac4766239d87
285bb150-28dc-11f1-9dbd-6de3ef86cdd7,Khary,Wilder,,K.Wilder,"Gardena, CA, USA",DE,76.0,248.0,ACT,FR,9a6d6f3f-021e-4ddd-8fac-ac4766239d87
29b40890-59b2-11ef-9c49-c790bf3bd4bc,Zach,Hayes,,Z.Hayes,"LaGrange Park, IL, USA",LB,74.0,222.0,ACT,JR,9a6d6f3f-021e-4ddd-8fac-ac4766239d87
2f096b40-2d52-11f0-bb64-2b0328b44ce1,Devin,Sanchez,,D.Sanchez,"Houston, TX, USA",CB,74.0,198.0,ACT,SO,9a6d6f3f-021e-4ddd-8fac-ac4766239d87
2fdf97e0-9c51-11ed-9b81-9b68194c9dc2,Qua,Russaw,,Q.Russaw,"Montgomery, AL, USA",DE,74.0,240.0,ACT,SR,9a6d6f3f-021e-4ddd-8fac-ac4766239d87
33966639-7d9e-48ca-8c85-2fb6087f8081,Lorenzo,Styles,,L.Styles,"Pickerington, OH, USA",SAF,73.0,195.0,ACT,GR,9a6d6f3f-021e-4ddd-8fac-ac4766239d87
33ac93f0-b49c-11ee-b745-f1d5c5b4a45f,Ian,Moore,,I.Moore,"New Palestine, IN, USA",OL,78.0,312.0,ACT,JR,9a6d6f3f-021e-4ddd-8fac-ac4766239d87
362cef00-36e1-11ee-b5f6-ed38fac47ce0,Mason,Williams,,M.Williams,"Mogadore, OH, USA",TE,76.0,247.0,ACT,SR,9a6d6f3f-021e-4ddd-8fac-ac4766239d87
36bc1b90-ab9f-11ec-b6ea-913ac4d9e609,Shawn,Lodge,,S.Lodge,"Akron, OH, USA",WR,69.0,182.0,ACT,SR,9a6d6f3f-021e-4ddd-8fac-ac4766239d87
3939ed60-177a-11ed-9100-2b8844dbdcdc,David,Adolph,,D.Adolph,"Dublin, OH, USA",WR,77.0,210.0,ACT,GR,9a6d6f3f-021e-4ddd-8fac-ac4766239d87
3a0eec70-8ec9-11ec-8d02-85ead82574a9,Sonny,Styles,,S.Styles,"Pickerington, OH, USA",LB,77.0,243.0,ACT,SR,9a6d6f3f-021e-4ddd-8fac-ac4766239d87
3b1b9130-5c31-11ef-974a-97fab3e51ed3,Simon,Lorentz,,S.Lorentz,"Dover, OH, USA",OL,73.0,285.0,ACT,JR,9a6d6f3f-021e-4ddd-8fac-ac4766239d87
3f808445-4b2f-4882-bdc2-2043375d63ae,John,Ferlmann,,J.Ferlmann,"Phoenix, AZ, USA",LS,75.0,232.0,ACT,GR,9a6d6f3f-021e-4ddd-8fac-ac4766239d87
431b7da0-28db-11f1-9dbd-6de3ef86cdd7,Cincere,Johnson,,C.Johnson,"Cleveland, OH, USA",LB,75.0,228.0,ACT,FR,9a6d6f3f-021e-4ddd-8fac-ac4766239d87
43cc5d00-9d29-11ed-83ea-ab152886418a,Austin,Siereveld,,A.Siereveld,"Liberty Township, OH, USA",OL,77.0,325.0,ACT,SR,9a6d6f3f-021e-4ddd-8fac-ac4766239d87
4404da40-72d3-11f0-90c6-f579a1786546,Jordyn,Woods,,J.Woods,"Cartersville, GA, USA",CB,76.0,193.0,ACT,SO,9a6d6f3f-021e-4ddd-8fac-ac4766239d87
44198bc0-b4b1-11ee-b745-f1d5c5b4a45f,Deontae,Armstrong,,D.Armstrong,"Elyria, OH, USA",OL,78.0,305.0,ACT,JR,9a6d6f3f-021e-4ddd-8fac-ac4766239d87
466f31f0-28da-11f1-9dbd-6de3ef86cdd7,Legend,Bey,,L.Bey,"Forney, TX, USA",RB,70.0,177.0,ACT,FR,9a6d6f3f-021e-4ddd-8fac-ac4766239d87
