ranking_id,poll_id,poll_name,season_id,week,effective_time,team_id,rank,previous_rank,points,fp_votes,wins,losses,ties,team_name,team_market,team_alias
ae68bc50-4135-47b5-b2f1-03d0669e54c8,aef92d2e-6f2d-462a-972b-f38859ddb96f,Associated Press Top 25,2025,1,2025-08-11T16:00:00+00:00,ae68bc50-4135-47b5-b2f1-03d0669e54c8,1,0,1552,25,0,0,0,Longhorns,Texas,TEX
eeb3ce19-6ddd-4c91-afab-811c6cc81974,aef92d2e-6f2d-462a-972b-f38859ddb96f,Associated Press Top 25,2025,1,2025-08-11T16:00:00+00:00,eeb3ce19-6ddd-4c91-afab-811c6cc81974,2,0,1547,23,0,0,0,Nittany Lions,Penn State,PSU
9a6d6f3f-021e-4ddd-8fac-ac4766239d87,aef92d2e-6f2d-462a-972b-f38859ddb96f,Associated Press Top 25,2025,1,2025-08-11T16:00:00+00:00,9a6d6f3f-021e-4ddd-8fac-ac4766239d87,3,0,1472,11,0,0,0,Buckeyes,Ohio State,OSU
95404613-f4f0-4280-ac27-85419215f8d1,aef92d2e-6f2d-462a-972b-f38859ddb96f,Associated Press Top 25,2025,1,2025-08-11T16:00:00+00:00,95404613-f4f0-4280-ac27-85419215f8d1,4,0,1398,4,0,0,0,Tigers,Clemson,CLEM
2eef738d-c637-4b12-b8df-4b79efcce71e,aef92d2e-6f2d-462a-972b-f38859ddb96f,Associated Press Top 25,2025,1,2025-08-11T16:00:00+00:00,2eef738d-c637-4b12-b8df-4b79efcce71e,5,0,1331,1,0,0,0,Bulldogs,Georgia,UGA
d7f19bff-74e7-4b71-a221-12dfeb144fd8,aef92d2e-6f2d-462a-972b-f38859ddb96f,Associated Press Top 25,2025,1,2025-08-11T16:00:00+00:00,d7f19bff-74e7-4b71-a221-12dfeb144fd8,6,0,1325,0,0,0,0,Fighting Irish,Notre Dame,ND
5c218a3b-a013-4037-97b6-603c9502b701,aef92d2e-6f2d-462a-972b-f38859ddb96f,Associated Press Top 25,2025,1,2025-08-11T16:00:00+00:00,5c218a3b-a013-4037-97b6-603c9502b701,7,0,1236,1,0,0,0,Ducks,Oregon,ORE
19775492-f1eb-4bc5-9e15-078ebd689c0f,aef92d2e-6f2d-462a-972b-f38859ddb96f,Associated Press Top 25,2025,1,2025-08-11T16:00:00+00:00,19775492-f1eb-4bc5-9e15-078ebd689c0f,8,0,1179,0,0,0,0,Crimson Tide,Alabama,ALA
ffca4209-dbfa-4597-b25a-ed19bb351037,aef92d2e-6f2d-462a-972b-f38859ddb96f,Associated Press Top 25,2025,1,2025-08-11T16:00:00+00:00,ffca4209-dbfa-4597-b25a-ed19bb351037,9,0,1174,0,0,0,0,Tigers,LSU,LSU
2f475a40-df87-43a7-b8a9-c36a43edff21,aef92d2e-6f2d-462a-972b-f38859ddb96f,Associated Press Top 25,2025,1,2025-08-11T16:00:00+00:00,2f475a40-df87-43a7-b8a9-c36a43edff21,10,0,889,0,0,0,0,Hurricanes,Miami (FL),MIA
00fd8418-0e62-4366-9a2a-d5f72850066c,aef92d2e-6f2d-462a-972b-f38859ddb96f,Associated Press Top 25,2025,1,2025-08-11T16:00:00+00:00,00fd8418-0e62-4366-9a2a-d5f72850066c,11,0,791,0,0,0,0,Sun Devils,Arizona State,ASU
2d824a5f-e706-45b8-9d20-434ed5dd5c2f,aef92d2e-6f2d-462a-972b-f38859ddb96f,Associated Press Top 25,2025,1,2025-08-11T16:00:00+00:00,2d824a5f-e706-45b8-9d20-434ed5dd5c2f,12,0,713,0,0,0,0,Fighting Illini,Illinois,ILL
7b1dbcdb-34b2-479e-9b6b-4c7221e7f743,aef92d2e-6f2d-462a-972b-f38859ddb96f,Associated Press Top 25,2025,1,2025-08-11T16:00:00+00:00,7b1dbcdb-34b2-479e-9b6b-4c7221e7f743,13,0,667,0,0,0,0,Gamecocks,South Carolina,SCAR
d3e8c416-e643-4d5e-be9e-c598a150b234,aef92d2e-6f2d-462a-972b-f38859ddb96f,Associated Press Top 25,2025,1,2025-08-11T16:00:00+00:00,d3e8c416-e643-4d5e-be9e-c598a150b234,14,0,662,0,0,0,0,Wolverines,Michigan,MICH
c765cbff-99d8-4c43-8f6b-e49577ca18fa,aef92d2e-6f2d-462a-972b-f38859ddb96f,Associated Press Top 25,2025,1,2025-08-11T16:00:00+00:00,c765cbff-99d8-4c43-8f6b-e49577ca18fa,15,0,626,0,0,0,0,Gators,Florida,FLA
619c5384-3660-44ac-b2ad-597ccb3854c7,aef92d2e-6f2d-462a-972b-f38859ddb96f,Associated Press Top 25,2025,1,2025-08-11T16:00:00+00:00,619c5384-3660-44ac-b2ad-597ccb3854c7,16,0,565,0,0,0,0,Mustangs,SMU,SMU
0dd26ea7-79fb-4ea8-bf48-7c31108e14a3,aef92d2e-6f2d-462a-972b-f38859ddb96f,Associated Press Top 25,2025,1,2025-08-11T16:00:00+00:00,0dd26ea7-79fb-4ea8-bf48-7c31108e14a3,17,0,512,0,0,0,0,Wildcats,Kansas State,KSU
242f21d8-7372-4359-a04f-4d467ead22d6,aef92d2e-6f2d-462a-972b-f38859ddb96f,Associated Press Top 25,2025,1,2025-08-11T16:00:00+00:00,242f21d8-7372-4359-a04f-4d467ead22d6,18,0,463,0,0,0,0,Sooners,Oklahoma,OKLA
d5199a36-7f26-4c3b-be48-9599039e232c,aef92d2e-6f2d-462a-972b-f38859ddb96f,Associated Press Top 25,2025,1,2025-08-11T16:00:00+00:00,d5199a36-7f26-4c3b-be48-9599039e232c,19,0,434,0,0,0,0,Aggies,Texas A&M,TXAM
fa0eb091-8e35-49c7-b00f-269794a99a61,aef92d2e-6f2d-462a-972b-f38859ddb96f,Associated Press Top 25,2025,1,2025-08-11T16:00:00+00:00,fa0eb091-8e35-49c7-b00f-269794a99a61,20,0,423,0,0,0,0,Hoosiers,Indiana,IND
e3df6700-2881-4b02-a170-f397bb5718a9,aef92d2e-6f2d-462a-972b-f38859ddb96f,Associated Press Top 25,2025,1,2025-08-11T16:00:00+00:00,e3df6700-2881-4b02-a170-f397bb5718a9,21,0,370,0,0,0,0,Rebels,Ole Miss,MISS
d335c726-44aa-4b69-8271-59d42d691cba,aef92d2e-6f2d-462a-972b-f38859ddb96f,Associated Press Top 25,2025,1,2025-08-11T16:00:00+00:00,d335c726-44aa-4b69-8271-59d42d691cba,22,0,309,0,0,0,0,Cyclones,Iowa State,ISU
22083fa4-8d9c-4ccc-8c33-cda772954099,aef92d2e-6f2d-462a-972b-f38859ddb96f,Associated Press Top 25,2025,1,2025-08-11T16:00:00+00:00,22083fa4-8d9c-4ccc-8c33-cda772954099,23,0,274,0,0,0,0,Red Raiders,Texas Tech,TTU
9ecb9f6b-df4a-4a92-aaa4-5d50a5286bdd,aef92d2e-6f2d-462a-972b-f38859ddb96f,Associated Press Top 25,2025,1,2025-08-11T16:00:00+00:00,9ecb9f6b-df4a-4a92-aaa4-5d50a5286bdd,24,0,192,0,0,0,0,Volunteers,Tennessee,TENN
35aa5295-ad07-4b95-aad2-63d1d5bf9009,aef92d2e-6f2d-462a-972b-f38859ddb96f,Associated Press Top 25,2025,1,2025-08-11T16:00:00+00:00,35aa5295-ad07-4b95-aad2-63d1d5bf9009,25,0,191,0,0,0,0,Broncos,Boise State,BSU
